<?xml version="1.0" encoding="UTF-8"?>
<beans xmlns="http://www.springframework.org/schema/beans"
       xmlns:xsi="http://www.w3.org/2001/XMLSchema-instance"
       xsi:schemaLocation="http://www.springframework.org/schema/beans
       https://www.springframework.org/schema/beans/spring-beans.xsd">

    <!-- Individual country beans -->
    <bean id="in" class="com.cognizant.springrest1.Country">
        <property name="code" value="IN"/>
        <property name="name" value="India"/>
    </bean>

    <bean id="us" class="com.cognizant.springrest1.Country">
        <property name="code" value="US"/>
        <property name="name" value="United States"/>
    </bean>

    <bean id="de" class="com.cognizant.springrest1.Country">
        <property name="code" value="DE"/>
        <property name="name" value="Germany"/>
    </bean>

    <bean id="jp" class="com.cognizant.springrest1.Country">
        <property name="code" value="JP"/>
        <property name="name" value="Japan"/>
    </bean>

    <!-- Bean to demonstrate singleton/prototype scope -->
    <bean id="country" class="com.cognizant.springrest1.Country" scope="prototype">
        <property name="code" value="IN"/>
        <property name="name" value="India"/>
    </bean>

    <!-- List of countries -->
    <bean id="countryList" class="java.util.ArrayList">
        <constructor-arg>
            <list>
                <ref bean="in"/>
                <ref bean="us"/>
                <ref bean="de"/>
                <ref bean="jp"/>
            </list>
        </constructor-arg>
    </bean>

</beans>
